{
  "project_info": {
    "project_number": "61829779662",
    "project_id": "travelapp-88d85",
    "storage_bucket": "travelapp-88d85.appspot.com"
  },
  "client": [
    {
      "client_info": {
        "mobilesdk_app_id": "1:61829779662:android:66f512273cd3d2415e009f",
        "android_client_info": {
          "package_name": "com.example.travel_app"
        }
      },
      "oauth_client": [],
      "api_key": [
        {
          "current_key": "AIzaSyB_-TNcex9OrrvgGlZnKw8EMtzj7jHOMzw"
        }
      ],
      "services": {
        "appinvite_service": {
          "other_platform_oauth_client": []
        }
      }
    }
  ],
  "configuration_version": "1"
}